Implementation,Size,Distribution,Threads,BlockSize,AvgTime(ms)
Serial,1000000,uniform,1,256,95.0133
Serial,4000000,uniform,1,256,350.4731
Serial,16000000,uniform,1,256,1702.5582
Serial,64000000,uniform,1,256,7148.5895
Serial,1000000,gaussian,1,256,79.8319
Serial,4000000,gaussian,1,256,358.4556
Serial,16000000,gaussian,1,256,1565.3351
Serial,64000000,gaussian,1,256,6364.3668
Serial,1000000,nearly_sorted,1,256,12.2804
Serial,4000000,nearly_sorted,1,256,73.9495
Serial,16000000,nearly_sorted,1,256,394.3067
Serial,64000000,nearly_sorted,1,256,1119.6289
Serial,1000000,reversed,1,256,7.6817
Serial,4000000,reversed,1,256,38.4690
Serial,16000000,reversed,1,256,164.8489
Serial,64000000,reversed,1,256,860.1496
Serial,1000000,uniform,1,256,70.0631
Serial,4000000,uniform,1,256,298.8840
Serial,16000000,uniform,1,256,1385.5505
Serial,64000000,uniform,1,256,5797.7819
Serial,1000000,gaussian,1,256,65.6279
Serial,4000000,gaussian,1,256,307.2220
Serial,16000000,gaussian,1,256,1335.7791
Serial,64000000,gaussian,1,256,5621.3871
Serial,1000000,nearly_sorted,1,256,17.7979
Serial,4000000,nearly_sorted,1,256,82.7869
Serial,16000000,nearly_sorted,1,256,370.9457
Serial,64000000,nearly_sorted,1,256,1578.6628
Serial,1000000,reversed,1,256,12.9328
Serial,4000000,reversed,1,256,61.5712
Serial,16000000,reversed,1,256,292.0372
Serial,64000000,reversed,1,256,1186.7287
OpenMP,1000000,uniform,1,256,86.0994
OpenMP,1000000,uniform,2,256,58.9264
OpenMP,1000000,uniform,4,256,63.0974
OpenMP,1000000,uniform,8,256,59.5041
OpenMP,1000000,uniform,16,256,63.8577
OpenMP,4000000,uniform,1,256,389.2234
OpenMP,4000000,uniform,2,256,268.3581
OpenMP,4000000,uniform,4,256,427.3406
OpenMP,4000000,uniform,8,256,289.4912
OpenMP,4000000,uniform,16,256,268.6165
OpenMP,16000000,uniform,1,256,1835.8185
OpenMP,16000000,uniform,2,256,1187.2503
OpenMP,16000000,uniform,4,256,1318.9306
OpenMP,16000000,uniform,8,256,1405.7072
OpenMP,16000000,uniform,16,256,1192.2524
OpenMP,64000000,uniform,1,256,7887.4169
OpenMP,64000000,uniform,2,256,5559.7988
OpenMP,64000000,uniform,4,256,5713.8480
OpenMP,64000000,uniform,8,256,5786.5357
OpenMP,64000000,uniform,16,256,5679.1806
OpenMP,1000000,gaussian,1,256,112.7593
OpenMP,1000000,gaussian,2,256,96.8191
OpenMP,1000000,gaussian,4,256,92.7559
OpenMP,1000000,gaussian,8,256,60.2136
OpenMP,1000000,gaussian,16,256,63.3992
OpenMP,4000000,gaussian,1,256,386.9021
OpenMP,4000000,gaussian,2,256,269.4180
OpenMP,4000000,gaussian,4,256,272.3980
OpenMP,4000000,gaussian,8,256,264.4991
OpenMP,4000000,gaussian,16,256,348.6150
OpenMP,16000000,gaussian,1,256,1710.9501
OpenMP,16000000,gaussian,2,256,1243.4860
OpenMP,16000000,gaussian,4,256,1408.9468
OpenMP,16000000,gaussian,8,256,1183.2935
OpenMP,16000000,gaussian,16,256,1291.9322
OpenMP,64000000,gaussian,1,256,7553.3037
OpenMP,64000000,gaussian,2,256,5348.0907
OpenMP,64000000,gaussian,4,256,5533.7081
OpenMP,64000000,gaussian,8,256,5397.7851
OpenMP,64000000,gaussian,16,256,5375.3541
OpenMP,1000000,nearly_sorted,1,256,41.8998
OpenMP,1000000,nearly_sorted,2,256,32.8507
OpenMP,1000000,nearly_sorted,4,256,31.6520
OpenMP,1000000,nearly_sorted,8,256,31.8879
OpenMP,1000000,nearly_sorted,16,256,31.7243
OpenMP,4000000,nearly_sorted,1,256,171.2930
OpenMP,4000000,nearly_sorted,2,256,145.7302
OpenMP,4000000,nearly_sorted,4,256,137.1373
OpenMP,4000000,nearly_sorted,8,256,137.2626
OpenMP,4000000,nearly_sorted,16,256,136.2962
OpenMP,16000000,nearly_sorted,1,256,825.5398
OpenMP,16000000,nearly_sorted,2,256,686.6780
OpenMP,16000000,nearly_sorted,4,256,621.7683
OpenMP,16000000,nearly_sorted,8,256,616.8341
OpenMP,16000000,nearly_sorted,16,256,835.7524
OpenMP,64000000,nearly_sorted,1,256,3377.6442
OpenMP,64000000,nearly_sorted,2,256,2939.5560
OpenMP,64000000,nearly_sorted,4,256,2818.8908
OpenMP,64000000,nearly_sorted,8,256,2815.9597
OpenMP,64000000,nearly_sorted,16,256,2879.8765
OpenMP,1000000,reversed,1,256,10.6556
OpenMP,1000000,reversed,2,256,10.4670
OpenMP,1000000,reversed,4,256,10.1368
OpenMP,1000000,reversed,8,256,10.3837
OpenMP,1000000,reversed,16,256,10.8608
OpenMP,4000000,reversed,1,256,55.4120
OpenMP,4000000,reversed,2,256,50.3534
OpenMP,4000000,reversed,4,256,49.7822
OpenMP,4000000,reversed,8,256,53.2513
OpenMP,4000000,reversed,16,256,84.8006
OpenMP,16000000,reversed,1,256,395.0840
OpenMP,16000000,reversed,2,256,267.3634
OpenMP,16000000,reversed,4,256,270.3718
OpenMP,16000000,reversed,8,256,270.9940
OpenMP,16000000,reversed,16,256,280.1250
OpenMP,64000000,reversed,1,256,1483.4028
OpenMP,64000000,reversed,2,256,1342.6980
OpenMP,64000000,reversed,4,256,1239.2340
OpenMP,64000000,reversed,8,256,1464.4806
OpenMP,64000000,reversed,16,256,1339.1636
OpenMP,1000000,uniform,1,256,55.7777
OpenMP,1000000,uniform,2,256,28.9247
OpenMP,1000000,uniform,4,256,23.8347
OpenMP,1000000,uniform,8,256,16.9652
OpenMP,1000000,uniform,16,256,13.7265
OpenMP,4000000,uniform,1,256,243.1333
OpenMP,4000000,uniform,2,256,131.7858
OpenMP,4000000,uniform,4,256,104.1354
OpenMP,4000000,uniform,8,256,80.2272
OpenMP,4000000,uniform,16,256,58.8058
OpenMP,16000000,uniform,1,256,1103.3688
OpenMP,16000000,uniform,2,256,606.9065
OpenMP,16000000,uniform,4,256,479.6990
OpenMP,16000000,uniform,8,256,328.0602
OpenMP,16000000,uniform,16,256,265.7135
OpenMP,64000000,uniform,1,256,4812.7165
OpenMP,64000000,uniform,2,256,2596.7704
OpenMP,64000000,uniform,4,256,1972.7294
OpenMP,64000000,uniform,8,256,1473.5590
OpenMP,64000000,uniform,16,256,1138.1417
OpenMP,1000000,gaussian,1,256,54.2059
OpenMP,1000000,gaussian,2,256,29.0106
OpenMP,1000000,gaussian,4,256,24.8846
OpenMP,1000000,gaussian,8,256,17.2168
OpenMP,1000000,gaussian,16,256,14.6334
OpenMP,4000000,gaussian,1,256,244.1306
OpenMP,4000000,gaussian,2,256,132.1584
OpenMP,4000000,gaussian,4,256,110.8718
OpenMP,4000000,gaussian,8,256,78.0731
OpenMP,4000000,gaussian,16,256,57.1081
OpenMP,16000000,gaussian,1,256,1090.0106
OpenMP,16000000,gaussian,2,256,593.9407
OpenMP,16000000,gaussian,4,256,446.0843
OpenMP,16000000,gaussian,8,256,326.4053
OpenMP,16000000,gaussian,16,256,250.7283
OpenMP,64000000,gaussian,1,256,4575.3396
OpenMP,64000000,gaussian,2,256,2428.6731
OpenMP,64000000,gaussian,4,256,1751.1545
OpenMP,64000000,gaussian,8,256,1245.1881
OpenMP,64000000,gaussian,16,256,958.5321
OpenMP,1000000,nearly_sorted,1,256,21.1048
OpenMP,1000000,nearly_sorted,2,256,12.1425
OpenMP,1000000,nearly_sorted,4,256,8.9600
OpenMP,1000000,nearly_sorted,8,256,6.9361
OpenMP,1000000,nearly_sorted,16,256,6.4588
OpenMP,4000000,nearly_sorted,1,256,92.4233
OpenMP,4000000,nearly_sorted,2,256,53.8325
OpenMP,4000000,nearly_sorted,4,256,41.3631
OpenMP,4000000,nearly_sorted,8,256,31.2015
OpenMP,4000000,nearly_sorted,16,256,27.9963
OpenMP,16000000,nearly_sorted,1,256,419.5147
OpenMP,16000000,nearly_sorted,2,256,256.0498
OpenMP,16000000,nearly_sorted,4,256,200.4137
OpenMP,16000000,nearly_sorted,8,256,156.8101
OpenMP,16000000,nearly_sorted,16,256,156.9040
OpenMP,64000000,nearly_sorted,1,256,1791.0440
OpenMP,64000000,nearly_sorted,2,256,1067.7325
OpenMP,64000000,nearly_sorted,4,256,798.2415
OpenMP,64000000,nearly_sorted,8,256,653.1452
OpenMP,64000000,nearly_sorted,16,256,644.2068
OpenMP,1000000,reversed,1,256,6.4473
OpenMP,1000000,reversed,2,256,3.8385
OpenMP,1000000,reversed,4,256,3.7352
OpenMP,1000000,reversed,8,256,2.8795
OpenMP,1000000,reversed,16,256,3.4240
OpenMP,4000000,reversed,1,256,32.2327
OpenMP,4000000,reversed,2,256,21.8405
OpenMP,4000000,reversed,4,256,20.0050
OpenMP,4000000,reversed,8,256,19.1470
OpenMP,4000000,reversed,16,256,22.0610
OpenMP,16000000,reversed,1,256,171.0191
OpenMP,16000000,reversed,2,256,130.4468
OpenMP,16000000,reversed,4,256,119.4178
OpenMP,16000000,reversed,8,256,125.7712
OpenMP,16000000,reversed,16,256,143.6827
OpenMP,64000000,reversed,1,256,746.1014
OpenMP,64000000,reversed,2,256,534.7510
OpenMP,64000000,reversed,4,256,506.2013
OpenMP,64000000,reversed,8,256,523.2616
OpenMP,64000000,reversed,16,256,591.1937
CUDA,1000000,uniform,1,128,100.4448
CUDA,1000000,uniform,1,256,58.1116
CUDA,1000000,uniform,1,512,48.9479
CUDA,4000000,uniform,1,128,79.8614
CUDA,4000000,uniform,1,256,72.1186
CUDA,4000000,uniform,1,512,70.1584
CUDA,16000000,uniform,1,128,250.0248
CUDA,16000000,uniform,1,256,245.7942
CUDA,16000000,uniform,1,512,257.6529
CUDA,64000000,uniform,1,128,971.8597
CUDA,64000000,uniform,1,256,963.5993
CUDA,64000000,uniform,1,512,971.3902
CUDA,1000000,gaussian,1,128,36.8761
CUDA,1000000,gaussian,1,256,38.1090
CUDA,1000000,gaussian,1,512,36.9817
CUDA,4000000,gaussian,1,128,76.4626
CUDA,4000000,gaussian,1,256,76.7162
CUDA,4000000,gaussian,1,512,74.9045
CUDA,16000000,gaussian,1,128,252.3453
CUDA,16000000,gaussian,1,256,248.0515
CUDA,16000000,gaussian,1,512,246.8394
CUDA,64000000,gaussian,1,128,952.3981
CUDA,64000000,gaussian,1,256,941.4777
CUDA,64000000,gaussian,1,512,932.1546
CUDA,1000000,nearly_sorted,1,128,37.1201
CUDA,1000000,nearly_sorted,1,256,38.0349
CUDA,1000000,nearly_sorted,1,512,36.5371
CUDA,4000000,nearly_sorted,1,128,70.4572
CUDA,4000000,nearly_sorted,1,256,70.0362
CUDA,4000000,nearly_sorted,1,512,75.9362
CUDA,16000000,nearly_sorted,1,128,250.9229
CUDA,16000000,nearly_sorted,1,256,226.0567
CUDA,16000000,nearly_sorted,1,512,224.0216
CUDA,64000000,nearly_sorted,1,128,912.4057
CUDA,64000000,nearly_sorted,1,256,912.0862
CUDA,64000000,nearly_sorted,1,512,924.3871
CUDA,1000000,reversed,1,128,46.6295
CUDA,1000000,reversed,1,256,43.6032
CUDA,1000000,reversed,1,512,37.3813
CUDA,4000000,reversed,1,128,70.6217
CUDA,4000000,reversed,1,256,69.1412
CUDA,4000000,reversed,1,512,69.0163
CUDA,16000000,reversed,1,128,220.1858
CUDA,16000000,reversed,1,256,220.3502
CUDA,16000000,reversed,1,512,216.9390
CUDA,64000000,reversed,1,128,898.9618
CUDA,64000000,reversed,1,256,866.1705
CUDA,64000000,reversed,1,512,885.4061
CUDA,1000000,uniform,1,128,342.3732
CUDA,1000000,uniform,1,256,37.7072
CUDA,1000000,uniform,1,512,37.4533
CUDA,4000000,uniform,1,128,74.9358
CUDA,4000000,uniform,1,256,68.4794
CUDA,4000000,uniform,1,512,67.8473
CUDA,16000000,uniform,1,128,248.1793
CUDA,16000000,uniform,1,256,242.5533
CUDA,16000000,uniform,1,512,241.0939
CUDA,64000000,uniform,1,128,1041.7755
CUDA,64000000,uniform,1,256,1020.0137
CUDA,64000000,uniform,1,512,1012.2902
CUDA,1000000,gaussian,1,128,34.0276
CUDA,1000000,gaussian,1,256,33.3503
CUDA,1000000,gaussian,1,512,33.0667
CUDA,4000000,gaussian,1,128,69.6513
CUDA,4000000,gaussian,1,256,68.4194
CUDA,4000000,gaussian,1,512,67.0362
CUDA,16000000,gaussian,1,128,250.2650
CUDA,16000000,gaussian,1,256,245.0879
CUDA,16000000,gaussian,1,512,241.3573
CUDA,64000000,gaussian,1,128,1031.7910
CUDA,64000000,gaussian,1,256,1011.1576
CUDA,64000000,gaussian,1,512,1004.2287
CUDA,1000000,nearly_sorted,1,128,33.7998
CUDA,1000000,nearly_sorted,1,256,33.1571
CUDA,1000000,nearly_sorted,1,512,33.2926
CUDA,4000000,nearly_sorted,1,128,68.4869
CUDA,4000000,nearly_sorted,1,256,68.7015
CUDA,4000000,nearly_sorted,1,512,66.8719
CUDA,16000000,nearly_sorted,1,128,242.8786
CUDA,16000000,nearly_sorted,1,256,238.9226
CUDA,16000000,nearly_sorted,1,512,235.6740
CUDA,64000000,nearly_sorted,1,128,1018.8923
CUDA,64000000,nearly_sorted,1,256,999.1256
CUDA,64000000,nearly_sorted,1,512,992.6373
CUDA,1000000,reversed,1,128,34.2624
CUDA,1000000,reversed,1,256,32.9061
CUDA,1000000,reversed,1,512,32.8796
CUDA,4000000,reversed,1,128,67.4715
CUDA,4000000,reversed,1,256,66.5554
CUDA,4000000,reversed,1,512,65.9382
CUDA,16000000,reversed,1,128,237.6888
CUDA,16000000,reversed,1,256,237.9785
CUDA,16000000,reversed,1,512,229.8848
CUDA,64000000,reversed,1,128,983.7877
CUDA,64000000,reversed,1,256,969.9935
CUDA,64000000,reversed,1,512,962.6303
